item_name,price
Crevo Mens Stags Brown Textured Work Casual Boots Shoes 11 Medium (D) BHFO 5039,"INR 1,983.14"
item_name,price
Arfango Alberto Moretti Men's brown velvet ankle boot 9 UK 10 US 43 NEW,"INR 1,345.70"
item_name,price
900$ Bally Wellys Brown Suede Boots Size US 12 Made in Switzerland,"INR 1,769.96"
item_name,price
Arfango Alberto Moretti Men's brown velvet ankle boot 9 UK 10 US 43 NEW,"INR 6,373.68"
item_name,price
Arfango Alberto Moretti Men's brown velvet ankle boot 9 UK 10 US 43 NEW,"INR 6,373.68"
item_name,price
Pajar Mens Morello Black Lace Up Combat Boots Shoes 42 EU/9-9.5 US BHFO 2062,"INR 1,345.70"
